{"key_durations": [0.0, 0.08339762687683105, 0.17926239967346191, 0.1019124984741211, 0.12034821510314941, 0.16981816291809082, 0.05968308448791504, 0.22559428215026855, 0.11287307739257812, 0.0605010986328125, 0.14304423332214355, 0.043358564376831055, 0.13857293128967285, 0.15819239616394043, 0.12377619743347168, 0.1134958267211914, 0.08372950553894043, 0.0982367992401123, 0.06961917877197266, 0.08144116401672363, 0.022771120071411133, 0.08984231948852539, 0.09042787551879883, 0.10544371604919434, 0.08889436721801758, 0.07621645927429199, 0.1249842643737793, 0.19044017791748047, 0.06949067115783691, 0.09762334823608398, 0.0698094367980957, 0.11979246139526367, 0.06789159774780273, 0.08441781997680664, 0.09276318550109863, 0.0729074478149414, 0.0614626407623291, 0.07549905776977539, 0.05487394332885742, 0.05727553367614746, 0.1199800968170166, 0.5641372203826904, 0.15772032737731934, 0.142380952835083, 0.09063172340393066, 0.09592127799987793, 0.03920459747314453, 0.11407780647277832, 0.08576345443725586], "heatmap": {"": 1, "T": 1, "h": 2, "e": 3, " ": 8, "u": 3, "i": 2, "\b": 2, "q": 1, "c": 1, "k": 1, "b": 1, "r": 2, "o": 4, "w": 1, "n": 1, "f": 1, "x": 1, "j": 1, "m": 1, "p": 1, "s": 1, "v": 1, "t": 1, "l": 1, "a": 1, "z": 1, "y": 1, "d": 1, "g": 1, ".": 1}}